Date,Medicine_Name,Category,Units_Sold,Unit_Price,Revenue,Stock_Available,Supplier,Expiry_Date,City,Year,Month,Expiry_Days
01-01-2023,Atorvastatin,Syrup,184,33,6072,370,Abbott,20-07-2023,Pune,2023,1,200
02-01-2023,Amoxicillin,Tablet,79,15,1185,187,Abbott,08-11-2023,Hyderabad,2023,1,310
03-01-2023,Azithromycin,Capsule,92,48,4416,513,Sun Pharma,09-01-2024,Bangalore,2023,1,371
04-01-2023,Pantoprazole,Capsule,165,16,2640,413,Cipla,19-10-2024,Delhi,2023,1,654
05-01-2023,Atorvastatin,Syrup,174,32,5568,799,Sun Pharma,03-03-2024,Mumbai,2023,1,423
06-01-2023,Amoxicillin,Tablet,55,11,605,120,Dr Reddy,03-04-2024,Bangalore,2023,1,453
07-01-2023,Paracetamol,Capsule,64,18,1152,341,Cipla,15-06-2024,Hyderabad,2023,1,525
08-01-2023,Azithromycin,Syrup,88,32,2816,466,Abbott,26-11-2024,Delhi,2023,1,688
09-01-2023,Metformin,Capsule,85,40,3400,661,Sun Pharma,31-07-2024,Pune,2023,1,569
10-01-2023,Cetrizine,Capsule,58,33,1914,802,Sun Pharma,17-12-2023,Pune,2023,1,341
11-01-2023,Metformin,Syrup,18,35,630,915,Abbott,13-10-2024,Bangalore,2023,1,641
12-01-2023,Paracetamol,Tablet,194,44,8536,824,Sun Pharma,01-09-2023,Pune,2023,1,232
13-01-2023,Paracetamol,Tablet,192,49,9408,140,Dr Reddy,14-09-2023,Mumbai,2023,1,244
14-01-2023,Atorvastatin,Syrup,13,28,364,228,Dr Reddy,22-11-2024,Mumbai,2023,1,678
15-01-2023,Amoxicillin,Tablet,167,37,6179,478,Sun Pharma,29-02-2024,Pune,2023,1,410
16-01-2023,Paracetamol,Capsule,32,11,352,300,Cipla,31-08-2023,Hyderabad,2023,1,227
17-01-2023,Amoxicillin,Syrup,176,44,7744,825,Dr Reddy,19-10-2024,Delhi,2023,1,641
18-01-2023,Paracetamol,Syrup,9,30,270,602,Sun Pharma,12-08-2024,Pune,2023,1,572
19-01-2023,Azithromycin,Syrup,128,17,2176,790,Abbott,14-03-2024,Bangalore,2023,1,420
20-01-2023,Pantoprazole,Tablet,100,8,800,833,Dr Reddy,05-03-2024,Hyderabad,2023,1,410
21-01-2023,Atorvastatin,Tablet,175,33,5775,135,Abbott,18-03-2024,Bangalore,2023,1,422
22-01-2023,Azithromycin,Tablet,174,49,8526,673,Cipla,17-08-2023,Bangalore,2023,1,207
23-01-2023,Cetrizine,Capsule,88,34,2992,430,Dr Reddy,03-07-2024,Mumbai,2023,1,527
24-01-2023,Atorvastatin,Tablet,194,37,7178,484,Dr Reddy,06-04-2024,Delhi,2023,1,438
25-01-2023,Paracetamol,Syrup,66,41,2706,324,Sun Pharma,31-07-2024,Mumbai,2023,1,553
26-01-2023,Cetrizine,Syrup,117,16,1872,609,Sun Pharma,14-08-2024,Mumbai,2023,1,566
27-01-2023,Pantoprazole,Tablet,117,21,2457,798,Sun Pharma,01-03-2024,Hyderabad,2023,1,399
28-01-2023,Paracetamol,Capsule,133,23,3059,737,Cipla,14-09-2024,Bangalore,2023,1,595
29-01-2023,Atorvastatin,Capsule,188,21,3948,866,Abbott,10-02-2024,Delhi,2023,1,377
30-01-2023,Atorvastatin,Syrup,148,37,5476,300,Sun Pharma,03-11-2024,Hyderabad,2023,1,643
31-01-2023,Amoxicillin,Capsule,152,40,6080,502,Dr Reddy,21-12-2024,Delhi,2023,1,690
01-02-2023,Cetrizine,Tablet,100,11,1100,919,Cipla,02-07-2024,Mumbai,2023,2,517
02-02-2023,Amoxicillin,Syrup,189,29,5481,250,Sun Pharma,24-05-2024,Delhi,2023,2,477
03-02-2023,Atorvastatin,Tablet,148,30,4440,723,Abbott,03-08-2023,Mumbai,2023,2,181
04-02-2023,Metformin,Syrup,144,9,1296,136,Dr Reddy,11-08-2023,Mumbai,2023,2,188
05-02-2023,Amoxicillin,Capsule,151,20,3020,230,Abbott,26-09-2024,Bangalore,2023,2,599
06-02-2023,Metformin,Tablet,116,29,3364,198,Cipla,07-07-2024,Pune,2023,2,517
07-02-2023,Metformin,Tablet,167,20,3340,780,Abbott,06-09-2024,Hyderabad,2023,2,577
08-02-2023,Cetrizine,Syrup,132,12,1584,234,Cipla,08-09-2023,Bangalore,2023,2,212
09-02-2023,Amoxicillin,Capsule,119,26,3094,474,Sun Pharma,14-09-2023,Hyderabad,2023,2,217
10-02-2023,Amoxicillin,Syrup,186,12,2232,382,Sun Pharma,11-05-2024,Mumbai,2023,2,456
11-02-2023,Cetrizine,Tablet,115,37,4255,552,Abbott,06-01-2025,Delhi,2023,2,695
12-02-2023,Paracetamol,Capsule,21,48,1008,319,Cipla,25-09-2023,Hyderabad,2023,2,225
13-02-2023,Metformin,Tablet,103,45,4635,136,Cipla,08-06-2024,Hyderabad,2023,2,481
14-02-2023,Atorvastatin,Syrup,103,37,3811,215,Cipla,20-01-2024,Delhi,2023,2,340
15-02-2023,Azithromycin,Capsule,29,46,1334,834,Sun Pharma,01-07-2024,Pune,2023,2,502
16-02-2023,Atorvastatin,Syrup,90,27,2430,738,Sun Pharma,03-09-2024,Pune,2023,2,565
17-02-2023,Paracetamol,Syrup,108,37,3996,492,Sun Pharma,07-02-2024,Hyderabad,2023,2,355
18-02-2023,Azithromycin,Tablet,30,39,1170,917,Abbott,22-01-2025,Bangalore,2023,2,704
19-02-2023,Azithromycin,Tablet,139,40,5560,784,Abbott,10-01-2025,Bangalore,2023,2,691
20-02-2023,Amoxicillin,Capsule,147,32,4704,453,Abbott,08-10-2023,Mumbai,2023,2,230
21-02-2023,Azithromycin,Capsule,67,26,1742,413,Sun Pharma,19-06-2024,Bangalore,2023,2,484
22-02-2023,Azithromycin,Syrup,74,19,1406,153,Abbott,10-05-2024,Hyderabad,2023,2,443
23-02-2023,Cetrizine,Capsule,112,9,1008,202,Cipla,05-08-2024,Delhi,2023,2,529
24-02-2023,Atorvastatin,Capsule,172,20,3440,368,Abbott,06-12-2023,Delhi,2023,2,285
25-02-2023,Paracetamol,Capsule,124,23,2852,703,Dr Reddy,03-08-2024,Hyderabad,2023,2,525
26-02-2023,Azithromycin,Tablet,121,27,3267,226,Abbott,21-10-2023,Pune,2023,2,237
27-02-2023,Paracetamol,Capsule,38,36,1368,737,Abbott,25-12-2024,Hyderabad,2023,2,667
28-02-2023,Pantoprazole,Syrup,133,20,2660,288,Abbott,15-11-2024,Hyderabad,2023,2,626
01-03-2023,Metformin,Capsule,97,7,679,175,Abbott,04-11-2024,Hyderabad,2023,3,614
02-03-2023,Metformin,Tablet,189,33,6237,319,Dr Reddy,30-11-2023,Bangalore,2023,3,273
03-03-2023,Pantoprazole,Tablet,148,30,4440,573,Dr Reddy,13-06-2024,Hyderabad,2023,3,468
04-03-2023,Atorvastatin,Capsule,14,9,126,199,Abbott,09-04-2024,Pune,2023,3,402
05-03-2023,Azithromycin,Tablet,151,36,5436,868,Cipla,28-01-2025,Pune,2023,3,695
06-03-2023,Paracetamol,Capsule,132,36,4752,574,Dr Reddy,15-09-2024,Mumbai,2023,3,559
07-03-2023,Paracetamol,Syrup,193,47,9071,712,Cipla,23-10-2024,Pune,2023,3,596
08-03-2023,Amoxicillin,Syrup,48,33,1584,496,Sun Pharma,13-05-2024,Delhi,2023,3,432
09-03-2023,Azithromycin,Capsule,39,27,1053,948,Abbott,26-10-2024,Delhi,2023,3,597
10-03-2023,Paracetamol,Tablet,139,8,1112,925,Sun Pharma,10-01-2025,Delhi,2023,3,672
11-03-2023,Pantoprazole,Tablet,124,40,4960,828,Cipla,04-10-2024,Hyderabad,2023,3,573
12-03-2023,Paracetamol,Syrup,156,39,6084,788,Abbott,12-12-2023,Hyderabad,2023,3,275
13-03-2023,Cetrizine,Tablet,117,17,1989,378,Dr Reddy,07-06-2024,Mumbai,2023,3,452
14-03-2023,Metformin,Tablet,88,29,2552,441,Dr Reddy,28-09-2023,Mumbai,2023,3,198
15-03-2023,Cetrizine,Tablet,144,45,6480,175,Dr Reddy,28-09-2024,Bangalore,2023,3,563
16-03-2023,Amoxicillin,Tablet,115,20,2300,984,Dr Reddy,11-10-2024,Mumbai,2023,3,575
17-03-2023,Cetrizine,Tablet,127,25,3175,583,Dr Reddy,03-02-2024,Mumbai,2023,3,323
18-03-2023,Atorvastatin,Syrup,113,46,5198,285,Sun Pharma,23-04-2024,Pune,2023,3,402
19-03-2023,Pantoprazole,Syrup,167,27,4509,832,Dr Reddy,23-09-2023,Pune,2023,3,188
20-03-2023,Azithromycin,Capsule,149,42,6258,618,Cipla,01-03-2024,Pune,2023,3,347
21-03-2023,Paracetamol,Capsule,182,31,5642,733,Cipla,15-10-2023,Hyderabad,2023,3,208
22-03-2023,Metformin,Tablet,87,12,1044,595,Cipla,24-08-2024,Bangalore,2023,3,521
23-03-2023,Paracetamol,Capsule,75,29,2175,400,Abbott,06-11-2024,Delhi,2023,3,594
24-03-2023,Pantoprazole,Capsule,112,43,4816,190,Sun Pharma,03-03-2025,Delhi,2023,3,710
25-03-2023,Pantoprazole,Capsule,145,32,4640,737,Abbott,08-01-2025,Hyderabad,2023,3,655
26-03-2023,Atorvastatin,Syrup,109,43,4687,100,Cipla,03-09-2024,Mumbai,2023,3,527
27-03-2023,Atorvastatin,Tablet,117,29,3393,923,Sun Pharma,17-01-2024,Pune,2023,3,296
28-03-2023,Cetrizine,Tablet,177,36,6372,272,Dr Reddy,19-02-2024,Hyderabad,2023,3,328
29-03-2023,Amoxicillin,Tablet,168,39,6552,758,Sun Pharma,10-11-2023,Mumbai,2023,3,226
30-03-2023,Paracetamol,Tablet,18,19,342,514,Cipla,10-06-2024,Mumbai,2023,3,438
31-03-2023,Amoxicillin,Capsule,16,14,224,835,Abbott,07-11-2024,Bangalore,2023,3,587
01-04-2023,Pantoprazole,Capsule,12,32,384,775,Abbott,08-08-2024,Pune,2023,4,495
02-04-2023,Cetrizine,Syrup,105,45,4725,839,Sun Pharma,20-02-2024,Mumbai,2023,4,324
03-04-2023,Paracetamol,Syrup,161,17,2737,657,Cipla,23-10-2024,Pune,2023,4,569
04-04-2023,Amoxicillin,Capsule,51,29,1479,549,Abbott,29-05-2024,Delhi,2023,4,421
05-04-2023,Pantoprazole,Tablet,9,37,333,473,Sun Pharma,12-05-2024,Mumbai,2023,4,403
06-04-2023,Amoxicillin,Tablet,89,30,2670,162,Sun Pharma,05-01-2025,Mumbai,2023,4,640
07-04-2023,Azithromycin,Tablet,109,39,4251,610,Cipla,04-03-2025,Bangalore,2023,4,697
08-04-2023,Paracetamol,Syrup,99,9,891,969,Cipla,27-10-2023,Hyderabad,2023,4,202
09-04-2023,Pantoprazole,Syrup,169,14,2366,557,Cipla,29-12-2023,Mumbai,2023,4,264
10-04-2023,Metformin,Capsule,5,49,245,816,Cipla,05-02-2025,Pune,2023,4,667
11-04-2023,Cetrizine,Capsule,99,12,1188,650,Sun Pharma,18-12-2024,Delhi,2023,4,617
12-04-2023,Amoxicillin,Tablet,54,16,864,153,Sun Pharma,12-11-2024,Hyderabad,2023,4,580
13-04-2023,Pantoprazole,Syrup,146,6,876,174,Dr Reddy,04-12-2024,Bangalore,2023,4,601
14-04-2023,Azithromycin,Capsule,42,38,1596,949,Dr Reddy,18-12-2024,Pune,2023,4,614
15-04-2023,Cetrizine,Capsule,170,37,6290,434,Dr Reddy,25-01-2024,Delhi,2023,4,285
16-04-2023,Paracetamol,Capsule,137,33,4521,999,Abbott,16-11-2024,Pune,2023,4,580
17-04-2023,Paracetamol,Capsule,88,28,2464,168,Sun Pharma,05-12-2023,Pune,2023,4,232
18-04-2023,Pantoprazole,Syrup,130,47,6110,142,Dr Reddy,02-02-2024,Mumbai,2023,4,290
19-04-2023,Atorvastatin,Syrup,187,20,3740,194,Sun Pharma,18-03-2025,Bangalore,2023,4,699
20-04-2023,Cetrizine,Syrup,188,29,5452,294,Dr Reddy,17-01-2024,Pune,2023,4,272
21-04-2023,Pantoprazole,Tablet,126,23,2898,888,Sun Pharma,03-04-2025,Hyderabad,2023,4,713
22-04-2023,Metformin,Capsule,5,9,45,332,Sun Pharma,04-01-2024,Pune,2023,4,257
23-04-2023,Pantoprazole,Tablet,159,13,2067,893,Dr Reddy,17-02-2024,Delhi,2023,4,300
24-04-2023,Atorvastatin,Tablet,52,21,1092,125,Abbott,29-06-2024,Bangalore,2023,4,432
25-04-2023,Atorvastatin,Capsule,51,26,1326,625,Abbott,07-01-2024,Pune,2023,4,257
26-04-2023,Pantoprazole,Syrup,158,18,2844,798,Dr Reddy,25-10-2023,Delhi,2023,4,182
27-04-2023,Atorvastatin,Syrup,22,42,924,838,Dr Reddy,02-05-2024,Mumbai,2023,4,371
28-04-2023,Atorvastatin,Tablet,32,14,448,138,Cipla,11-06-2024,Pune,2023,4,410
29-04-2023,Metformin,Tablet,48,29,1392,244,Abbott,19-11-2023,Bangalore,2023,4,204
30-04-2023,Azithromycin,Capsule,71,45,3195,208,Dr Reddy,10-06-2024,Pune,2023,4,407
01-05-2023,Atorvastatin,Syrup,12,44,528,468,Sun Pharma,25-12-2024,Hyderabad,2023,5,604
02-05-2023,Metformin,Capsule,184,30,5520,419,Dr Reddy,07-09-2024,Hyderabad,2023,5,494
03-05-2023,Metformin,Capsule,125,37,4625,536,Cipla,15-03-2025,Bangalore,2023,5,682
04-05-2023,Metformin,Syrup,79,34,2686,706,Cipla,29-06-2024,Hyderabad,2023,5,422
05-05-2023,Cetrizine,Capsule,156,35,5460,105,Abbott,14-01-2024,Bangalore,2023,5,254
06-05-2023,Atorvastatin,Capsule,138,34,4692,603,Dr Reddy,15-01-2025,Pune,2023,5,620
07-05-2023,Atorvastatin,Tablet,140,30,4200,534,Abbott,23-09-2024,Pune,2023,5,505
08-05-2023,Metformin,Tablet,72,23,1656,823,Abbott,24-02-2024,Bangalore,2023,5,292
09-05-2023,Atorvastatin,Capsule,5,30,150,753,Cipla,22-03-2024,Bangalore,2023,5,318
10-05-2023,Pantoprazole,Capsule,7,37,259,789,Cipla,25-04-2024,Pune,2023,5,351
11-05-2023,Pantoprazole,Tablet,172,6,1032,695,Dr Reddy,30-09-2024,Mumbai,2023,5,508
12-05-2023,Paracetamol,Syrup,147,28,4116,649,Dr Reddy,10-02-2024,Mumbai,2023,5,274
13-05-2023,Pantoprazole,Tablet,66,48,3168,433,Abbott,09-02-2025,Mumbai,2023,5,638
14-05-2023,Azithromycin,Tablet,80,39,3120,646,Abbott,24-09-2024,Bangalore,2023,5,499
15-05-2023,Pantoprazole,Tablet,76,15,1140,972,Sun Pharma,27-08-2024,Hyderabad,2023,5,470
16-05-2023,Pantoprazole,Capsule,9,23,207,478,Sun Pharma,22-03-2024,Mumbai,2023,5,311
17-05-2023,Pantoprazole,Syrup,46,29,1334,501,Abbott,21-04-2025,Delhi,2023,5,705
18-05-2023,Pantoprazole,Syrup,170,37,6290,122,Dr Reddy,06-04-2024,Mumbai,2023,5,324
19-05-2023,Atorvastatin,Syrup,198,18,3564,920,Dr Reddy,30-05-2024,Delhi,2023,5,377
20-05-2023,Atorvastatin,Syrup,183,12,2196,653,Dr Reddy,30-08-2024,Bangalore,2023,5,468
21-05-2023,Metformin,Capsule,159,40,6360,256,Cipla,21-02-2024,Hyderabad,2023,5,276
22-05-2023,Pantoprazole,Capsule,159,37,5883,353,Sun Pharma,22-04-2025,Hyderabad,2023,5,701
23-05-2023,Amoxicillin,Capsule,78,37,2886,217,Cipla,25-04-2024,Bangalore,2023,5,338
24-05-2023,Pantoprazole,Tablet,184,19,3496,256,Cipla,05-01-2024,Bangalore,2023,5,226
25-05-2023,Cetrizine,Syrup,177,6,1062,510,Dr Reddy,07-09-2024,Pune,2023,5,471
26-05-2023,Amoxicillin,Syrup,31,9,279,759,Sun Pharma,03-04-2024,Pune,2023,5,313
27-05-2023,Metformin,Tablet,111,16,1776,317,Abbott,19-06-2024,Mumbai,2023,5,389
28-05-2023,Paracetamol,Syrup,115,44,5060,927,Abbott,13-11-2024,Bangalore,2023,5,535
29-05-2023,Pantoprazole,Syrup,124,41,5084,939,Sun Pharma,06-12-2024,Mumbai,2023,5,557
30-05-2023,Metformin,Tablet,55,33,1815,561,Sun Pharma,05-01-2025,Mumbai,2023,5,586
31-05-2023,Metformin,Capsule,105,25,2625,445,Abbott,26-05-2024,Mumbai,2023,5,361
01-06-2023,Paracetamol,Syrup,67,44,2948,760,Cipla,01-10-2024,Mumbai,2023,6,488
02-06-2023,Azithromycin,Syrup,184,30,5520,902,Abbott,18-05-2025,Pune,2023,6,716
03-06-2023,Amoxicillin,Syrup,42,6,252,309,Sun Pharma,10-11-2024,Mumbai,2023,6,526
04-06-2023,Amoxicillin,Syrup,191,48,9168,862,Sun Pharma,25-12-2023,Bangalore,2023,6,204
05-06-2023,Metformin,Tablet,92,37,3404,276,Dr Reddy,05-05-2024,Pune,2023,6,335
06-06-2023,Pantoprazole,Tablet,53,11,583,948,Cipla,28-04-2024,Bangalore,2023,6,327
07-06-2023,Atorvastatin,Syrup,193,44,8492,660,Cipla,22-04-2024,Delhi,2023,6,320
08-06-2023,Amoxicillin,Capsule,188,23,4324,417,Cipla,04-10-2024,Hyderabad,2023,6,484
09-06-2023,Pantoprazole,Syrup,34,20,680,523,Sun Pharma,10-12-2024,Pune,2023,6,550
10-06-2023,Azithromycin,Syrup,117,34,3978,777,Dr Reddy,26-08-2024,Hyderabad,2023,6,443
11-06-2023,Atorvastatin,Capsule,107,7,749,899,Sun Pharma,17-05-2024,Bangalore,2023,6,341
12-06-2023,Paracetamol,Capsule,91,32,2912,899,Dr Reddy,21-11-2024,Mumbai,2023,6,528
13-06-2023,Paracetamol,Syrup,71,28,1988,542,Cipla,01-11-2024,Mumbai,2023,6,507
14-06-2023,Atorvastatin,Syrup,71,37,2627,703,Abbott,31-01-2025,Delhi,2023,6,597
15-06-2023,Metformin,Tablet,36,47,1692,551,Sun Pharma,24-03-2025,Pune,2023,6,648
16-06-2023,Atorvastatin,Syrup,78,11,858,772,Cipla,07-05-2024,Hyderabad,2023,6,326
17-06-2023,Amoxicillin,Capsule,40,33,1320,799,Sun Pharma,19-05-2025,Pune,2023,6,702
18-06-2023,Atorvastatin,Syrup,134,7,938,570,Abbott,29-05-2025,Hyderabad,2023,6,711
19-06-2023,Pantoprazole,Tablet,170,34,5780,325,Abbott,28-04-2025,Pune,2023,6,679
20-06-2023,Metformin,Capsule,112,28,3136,692,Sun Pharma,13-02-2024,Mumbai,2023,6,238
21-06-2023,Azithromycin,Tablet,119,21,2499,625,Abbott,10-08-2024,Mumbai,2023,6,416
22-06-2023,Atorvastatin,Capsule,26,47,1222,593,Sun Pharma,16-01-2024,Hyderabad,2023,6,208
23-06-2023,Azithromycin,Capsule,41,15,615,937,Abbott,30-01-2024,Bangalore,2023,6,221
24-06-2023,Paracetamol,Tablet,170,38,6460,116,Cipla,01-01-2025,Bangalore,2023,6,557
25-06-2023,Atorvastatin,Tablet,121,46,5566,441,Dr Reddy,03-10-2024,Delhi,2023,6,466
26-06-2023,Azithromycin,Syrup,16,49,784,920,Sun Pharma,26-01-2025,Pune,2023,6,580
27-06-2023,Pantoprazole,Syrup,194,6,1164,921,Cipla,10-10-2024,Delhi,2023,6,471
28-06-2023,Azithromycin,Syrup,33,25,825,878,Abbott,15-04-2024,Delhi,2023,6,292
29-06-2023,Atorvastatin,Syrup,58,38,2204,154,Abbott,03-02-2025,Hyderabad,2023,6,585
30-06-2023,Paracetamol,Syrup,40,24,960,566,Abbott,30-04-2025,Mumbai,2023,6,670
01-07-2023,Metformin,Tablet,113,47,5311,581,Sun Pharma,21-03-2025,Hyderabad,2023,7,629
02-07-2023,Paracetamol,Tablet,44,21,924,740,Cipla,08-02-2024,Mumbai,2023,7,221
03-07-2023,Atorvastatin,Tablet,39,7,273,597,Abbott,18-06-2024,Delhi,2023,7,351
04-07-2023,Metformin,Syrup,106,38,4028,623,Cipla,12-02-2024,Delhi,2023,7,223
05-07-2023,Amoxicillin,Tablet,53,21,1113,429,Dr Reddy,11-05-2025,Bangalore,2023,7,676
06-07-2023,Metformin,Syrup,84,28,2352,438,Cipla,22-03-2024,Hyderabad,2023,7,260
07-07-2023,Metformin,Syrup,29,22,638,188,Dr Reddy,05-05-2025,Hyderabad,2023,7,668
08-07-2023,Azithromycin,Syrup,51,36,1836,877,Cipla,29-03-2024,Pune,2023,7,265
09-07-2023,Atorvastatin,Syrup,18,19,342,728,Cipla,16-05-2025,Delhi,2023,7,677
10-07-2023,Atorvastatin,Syrup,86,35,3010,471,Dr Reddy,10-02-2025,Delhi,2023,7,581
11-07-2023,Azithromycin,Syrup,107,21,2247,625,Abbott,12-07-2024,Hyderabad,2023,7,367
12-07-2023,Azithromycin,Capsule,135,41,5535,270,Dr Reddy,05-01-2025,Mumbai,2023,7,543
13-07-2023,Cetrizine,Capsule,97,26,2522,496,Cipla,24-01-2024,Hyderabad,2023,7,195
14-07-2023,Azithromycin,Syrup,112,6,672,410,Sun Pharma,26-02-2025,Delhi,2023,7,593
15-07-2023,Atorvastatin,Syrup,17,17,289,373,Dr Reddy,18-02-2024,Bangalore,2023,7,218
16-07-2023,Pantoprazole,Tablet,194,33,6402,417,Abbott,09-10-2024,Bangalore,2023,7,451
17-07-2023,Atorvastatin,Tablet,125,14,1750,458,Cipla,15-01-2024,Hyderabad,2023,7,182
18-07-2023,Metformin,Capsule,124,34,4216,423,Sun Pharma,01-11-2024,Mumbai,2023,7,472
19-07-2023,Paracetamol,Syrup,185,19,3515,684,Cipla,23-12-2024,Bangalore,2023,7,523
20-07-2023,Cetrizine,Tablet,191,41,7831,160,Dr Reddy,29-01-2025,Delhi,2023,7,559
21-07-2023,Metformin,Syrup,81,38,3078,252,Abbott,21-11-2024,Hyderabad,2023,7,489
22-07-2023,Amoxicillin,Capsule,114,14,1596,206,Cipla,22-08-2024,Mumbai,2023,7,397
23-07-2023,Paracetamol,Tablet,7,10,70,616,Sun Pharma,05-03-2024,Mumbai,2023,7,226
24-07-2023,Paracetamol,Tablet,103,24,2472,989,Cipla,23-05-2025,Delhi,2023,7,669
25-07-2023,Azithromycin,Syrup,86,21,1806,315,Abbott,19-05-2024,Hyderabad,2023,7,299
26-07-2023,Atorvastatin,Capsule,93,13,1209,679,Cipla,14-10-2024,Mumbai,2023,7,446
27-07-2023,Amoxicillin,Tablet,127,32,4064,640,Dr Reddy,19-12-2024,Pune,2023,7,511
28-07-2023,Paracetamol,Syrup,44,29,1276,360,Dr Reddy,05-09-2024,Bangalore,2023,7,405
29-07-2023,Atorvastatin,Tablet,42,12,504,350,Abbott,22-04-2025,Hyderabad,2023,7,633
30-07-2023,Cetrizine,Tablet,180,17,3060,895,Cipla,18-05-2024,Hyderabad,2023,7,293
31-07-2023,Metformin,Capsule,97,7,679,667,Abbott,10-11-2024,Delhi,2023,7,468
01-08-2023,Cetrizine,Syrup,101,45,4545,880,Cipla,06-01-2025,Hyderabad,2023,8,524
02-08-2023,Azithromycin,Syrup,104,31,3224,521,Cipla,28-02-2024,Pune,2023,8,210
03-08-2023,Azithromycin,Capsule,164,47,7708,536,Dr Reddy,20-04-2024,Bangalore,2023,8,261
04-08-2023,Azithromycin,Syrup,81,33,2673,623,Sun Pharma,10-09-2024,Hyderabad,2023,8,403
05-08-2023,Metformin,Syrup,159,45,7155,116,Sun Pharma,23-04-2025,Hyderabad,2023,8,627
06-08-2023,Amoxicillin,Syrup,74,23,1702,513,Sun Pharma,21-09-2024,Pune,2023,8,412
07-08-2023,Atorvastatin,Tablet,160,19,3040,321,Cipla,06-11-2024,Bangalore,2023,8,457
08-08-2023,Cetrizine,Syrup,100,40,4000,341,Abbott,20-02-2024,Bangalore,2023,8,196
09-08-2023,Metformin,Tablet,149,14,2086,985,Sun Pharma,23-05-2025,Delhi,2023,8,653
10-08-2023,Azithromycin,Syrup,54,18,972,803,Cipla,19-09-2024,Bangalore,2023,8,406
11-08-2023,Pantoprazole,Capsule,11,33,363,132,Dr Reddy,25-04-2024,Delhi,2023,8,258
12-08-2023,Amoxicillin,Capsule,62,27,1674,637,Sun Pharma,18-11-2024,Bangalore,2023,8,464
13-08-2023,Paracetamol,Syrup,103,17,1751,588,Dr Reddy,14-07-2024,Delhi,2023,8,336
14-08-2023,Cetrizine,Capsule,36,6,216,786,Abbott,02-03-2024,Delhi,2023,8,201
15-08-2023,Amoxicillin,Tablet,199,21,4179,481,Cipla,09-12-2024,Hyderabad,2023,8,482
16-08-2023,Amoxicillin,Tablet,88,10,880,758,Cipla,04-03-2025,Delhi,2023,8,566
17-08-2023,Paracetamol,Capsule,62,42,2604,626,Cipla,24-07-2024,Mumbai,2023,8,342
18-08-2023,Paracetamol,Syrup,28,16,448,885,Abbott,08-09-2024,Delhi,2023,8,387
19-08-2023,Cetrizine,Tablet,178,29,5162,756,Cipla,18-07-2025,Delhi,2023,8,699
20-08-2023,Metformin,Tablet,54,11,594,486,Abbott,04-08-2025,Bangalore,2023,8,715
21-08-2023,Azithromycin,Syrup,135,24,3240,657,Cipla,09-09-2024,Mumbai,2023,8,385
22-08-2023,Metformin,Capsule,88,40,3520,620,Abbott,02-07-2025,Hyderabad,2023,8,680
23-08-2023,Azithromycin,Tablet,92,12,1104,494,Cipla,30-04-2024,Hyderabad,2023,8,251
24-08-2023,Azithromycin,Syrup,68,22,1496,465,Dr Reddy,03-08-2024,Delhi,2023,8,345
25-08-2023,Pantoprazole,Syrup,37,42,1554,524,Sun Pharma,18-05-2024,Mumbai,2023,8,267
26-08-2023,Paracetamol,Capsule,80,36,2880,562,Sun Pharma,23-05-2024,Bangalore,2023,8,271
27-08-2023,Paracetamol,Tablet,172,36,6192,341,Sun Pharma,04-10-2024,Mumbai,2023,8,404
28-08-2023,Paracetamol,Capsule,162,37,5994,688,Sun Pharma,05-06-2024,Pune,2023,8,282
29-08-2023,Metformin,Capsule,107,30,3210,785,Sun Pharma,16-07-2024,Pune,2023,8,322
30-08-2023,Azithromycin,Syrup,123,48,5904,404,Cipla,05-03-2024,Mumbai,2023,8,188
31-08-2023,Atorvastatin,Capsule,164,45,7380,469,Abbott,09-01-2025,Bangalore,2023,8,497
01-09-2023,Metformin,Capsule,115,11,1265,558,Sun Pharma,20-03-2024,Pune,2023,9,201
02-09-2023,Atorvastatin,Capsule,7,45,315,799,Sun Pharma,11-03-2024,Bangalore,2023,9,191
03-09-2023,Pantoprazole,Capsule,29,49,1421,342,Dr Reddy,19-02-2025,Hyderabad,2023,9,535
04-09-2023,Pantoprazole,Capsule,123,36,4428,406,Sun Pharma,16-02-2025,Mumbai,2023,9,531
05-09-2023,Amoxicillin,Syrup,135,32,4320,813,Dr Reddy,21-05-2025,Hyderabad,2023,9,624
06-09-2023,Metformin,Syrup,195,19,3705,452,Abbott,09-08-2024,Pune,2023,9,338
07-09-2023,Pantoprazole,Capsule,28,24,672,904,Abbott,03-08-2024,Pune,2023,9,331
08-09-2023,Paracetamol,Capsule,183,36,6588,716,Cipla,30-07-2025,Bangalore,2023,9,691
09-09-2023,Azithromycin,Syrup,83,38,3154,873,Sun Pharma,12-03-2025,Pune,2023,9,550
10-09-2023,Metformin,Tablet,129,16,2064,742,Sun Pharma,28-03-2024,Mumbai,2023,9,200
11-09-2023,Amoxicillin,Capsule,30,12,360,199,Dr Reddy,31-12-2024,Bangalore,2023,9,477
12-09-2023,Metformin,Tablet,82,6,492,474,Cipla,21-01-2025,Bangalore,2023,9,497
13-09-2023,Pantoprazole,Syrup,115,18,2070,603,Cipla,02-06-2024,Pune,2023,9,263
14-09-2023,Atorvastatin,Tablet,74,21,1554,990,Cipla,08-04-2024,Pune,2023,9,207
15-09-2023,Amoxicillin,Tablet,9,5,45,523,Dr Reddy,09-01-2025,Delhi,2023,9,482
16-09-2023,Azithromycin,Capsule,199,18,3582,691,Cipla,09-03-2025,Mumbai,2023,9,540
17-09-2023,Pantoprazole,Tablet,24,12,288,782,Cipla,23-12-2024,Mumbai,2023,9,463
18-09-2023,Amoxicillin,Tablet,169,41,6929,303,Cipla,25-07-2025,Bangalore,2023,9,676
19-09-2023,Cetrizine,Syrup,115,19,2185,719,Cipla,13-02-2025,Pune,2023,9,513
20-09-2023,Paracetamol,Tablet,41,24,984,381,Cipla,14-07-2024,Delhi,2023,9,298
21-09-2023,Metformin,Tablet,63,9,567,260,Dr Reddy,10-10-2024,Bangalore,2023,9,385
22-09-2023,Azithromycin,Syrup,24,28,672,350,Sun Pharma,22-10-2024,Pune,2023,9,396
23-09-2023,Pantoprazole,Syrup,189,43,8127,322,Dr Reddy,14-09-2024,Bangalore,2023,9,357
24-09-2023,Metformin,Capsule,88,27,2376,483,Cipla,23-01-2025,Pune,2023,9,487
25-09-2023,Azithromycin,Tablet,128,12,1536,440,Dr Reddy,09-03-2025,Hyderabad,2023,9,531
26-09-2023,Atorvastatin,Syrup,90,38,3420,292,Dr Reddy,27-10-2024,Delhi,2023,9,397
27-09-2023,Azithromycin,Capsule,162,22,3564,244,Abbott,21-01-2025,Mumbai,2023,9,482
28-09-2023,Cetrizine,Tablet,76,29,2204,913,Cipla,19-08-2024,Hyderabad,2023,9,326
29-09-2023,Pantoprazole,Capsule,109,30,3270,319,Sun Pharma,03-09-2024,Mumbai,2023,9,340
30-09-2023,Paracetamol,Tablet,180,17,3060,684,Cipla,02-09-2024,Mumbai,2023,9,338
01-10-2023,Amoxicillin,Capsule,72,38,2736,480,Sun Pharma,16-04-2024,Pune,2023,10,198
02-10-2023,Azithromycin,Syrup,145,45,6525,378,Cipla,23-02-2025,Mumbai,2023,10,510
03-10-2023,Metformin,Tablet,58,11,638,700,Dr Reddy,03-06-2024,Bangalore,2023,10,244
04-10-2023,Azithromycin,Tablet,147,25,3675,927,Cipla,22-05-2025,Mumbai,2023,10,596
05-10-2023,Paracetamol,Capsule,39,48,1872,201,Dr Reddy,04-04-2024,Hyderabad,2023,10,182
06-10-2023,Azithromycin,Tablet,76,6,456,553,Cipla,03-09-2024,Mumbai,2023,10,333
07-10-2023,Cetrizine,Tablet,137,38,5206,403,Dr Reddy,28-01-2025,Bangalore,2023,10,479
08-10-2023,Atorvastatin,Capsule,47,27,1269,425,Sun Pharma,03-04-2025,Delhi,2023,10,543
09-10-2023,Amoxicillin,Syrup,25,27,675,718,Abbott,31-07-2024,Bangalore,2023,10,296
10-10-2023,Atorvastatin,Syrup,29,40,1160,814,Dr Reddy,24-02-2025,Hyderabad,2023,10,503
11-10-2023,Pantoprazole,Tablet,23,38,874,433,Abbott,15-04-2025,Bangalore,2023,10,552
12-10-2023,Metformin,Syrup,31,33,1023,850,Abbott,30-08-2024,Pune,2023,10,323
13-10-2023,Cetrizine,Tablet,162,22,3564,101,Cipla,08-07-2024,Mumbai,2023,10,269
14-10-2023,Metformin,Capsule,11,35,385,207,Dr Reddy,16-09-2024,Mumbai,2023,10,338
15-10-2023,Azithromycin,Capsule,193,46,8878,135,Dr Reddy,01-05-2025,Bangalore,2023,10,564
16-10-2023,Pantoprazole,Capsule,110,17,1870,986,Sun Pharma,14-01-2025,Bangalore,2023,10,456
17-10-2023,Paracetamol,Capsule,30,13,390,882,Abbott,26-04-2025,Mumbai,2023,10,557
18-10-2023,Pantoprazole,Tablet,174,12,2088,251,Sun Pharma,01-02-2025,Bangalore,2023,10,472
19-10-2023,Azithromycin,Syrup,156,23,3588,711,Sun Pharma,08-09-2024,Delhi,2023,10,325
20-10-2023,Cetrizine,Tablet,187,9,1683,786,Dr Reddy,02-08-2024,Pune,2023,10,287
21-10-2023,Paracetamol,Tablet,123,25,3075,761,Dr Reddy,10-06-2025,Bangalore,2023,10,598
22-10-2023,Atorvastatin,Tablet,164,15,2460,749,Sun Pharma,04-07-2024,Hyderabad,2023,10,256
23-10-2023,Paracetamol,Syrup,157,6,942,419,Dr Reddy,28-04-2025,Hyderabad,2023,10,553
24-10-2023,Atorvastatin,Capsule,173,15,2595,379,Dr Reddy,24-11-2024,Pune,2023,10,397
25-10-2023,Atorvastatin,Tablet,113,40,4520,843,Cipla,03-07-2024,Mumbai,2023,10,252
26-10-2023,Amoxicillin,Tablet,74,45,3330,807,Cipla,21-09-2025,Bangalore,2023,10,696
27-10-2023,Amoxicillin,Capsule,164,25,4100,875,Abbott,29-06-2024,Bangalore,2023,10,246
28-10-2023,Pantoprazole,Capsule,62,7,434,441,Sun Pharma,13-10-2024,Pune,2023,10,351
29-10-2023,Metformin,Capsule,39,38,1482,570,Abbott,14-01-2025,Bangalore,2023,10,443
30-10-2023,Azithromycin,Tablet,40,9,360,944,Dr Reddy,23-02-2025,Mumbai,2023,10,482
31-10-2023,Atorvastatin,Syrup,110,34,3740,732,Abbott,09-05-2024,Mumbai,2023,10,191
01-11-2023,Cetrizine,Capsule,140,24,3360,614,Cipla,01-02-2025,Bangalore,2023,11,458
02-11-2023,Amoxicillin,Tablet,108,9,972,971,Cipla,09-02-2025,Hyderabad,2023,11,465
03-11-2023,Cetrizine,Syrup,154,22,3388,555,Abbott,08-10-2024,Hyderabad,2023,11,340
04-11-2023,Cetrizine,Capsule,42,38,1596,608,Abbott,25-08-2025,Pune,2023,11,660
05-11-2023,Pantoprazole,Capsule,70,45,3150,440,Dr Reddy,25-07-2025,Delhi,2023,11,628
06-11-2023,Amoxicillin,Capsule,184,27,4968,765,Dr Reddy,20-01-2025,Delhi,2023,11,441
07-11-2023,Metformin,Tablet,175,19,3325,441,Abbott,06-09-2025,Bangalore,2023,11,669
08-11-2023,Atorvastatin,Capsule,53,46,2438,777,Cipla,10-10-2024,Pune,2023,11,337
09-11-2023,Metformin,Syrup,138,7,966,947,Abbott,14-10-2025,Mumbai,2023,11,705
10-11-2023,Atorvastatin,Syrup,153,39,5967,677,Sun Pharma,16-08-2025,Bangalore,2023,11,645
11-11-2023,Azithromycin,Tablet,14,29,406,892,Sun Pharma,21-02-2025,Bangalore,2023,11,468
12-11-2023,Atorvastatin,Capsule,18,5,90,209,Sun Pharma,25-05-2025,Bangalore,2023,11,560
13-11-2023,Amoxicillin,Tablet,173,10,1730,124,Cipla,04-09-2025,Hyderabad,2023,11,661
14-11-2023,Azithromycin,Tablet,29,19,551,679,Abbott,23-05-2024,Bangalore,2023,11,191
15-11-2023,Pantoprazole,Capsule,35,18,630,631,Cipla,02-08-2025,Hyderabad,2023,11,626
16-11-2023,Amoxicillin,Syrup,134,27,3618,566,Dr Reddy,12-10-2025,Delhi,2023,11,696
17-11-2023,Azithromycin,Capsule,14,29,406,741,Dr Reddy,22-01-2025,Mumbai,2023,11,432
18-11-2023,Atorvastatin,Tablet,87,13,1131,198,Cipla,18-10-2024,Delhi,2023,11,335
19-11-2023,Atorvastatin,Tablet,84,20,1680,863,Abbott,25-08-2024,Bangalore,2023,11,280
20-11-2023,Cetrizine,Capsule,56,40,2240,223,Dr Reddy,19-07-2024,Hyderabad,2023,11,242
21-11-2023,Cetrizine,Syrup,195,39,7605,618,Abbott,26-10-2025,Hyderabad,2023,11,705
22-11-2023,Pantoprazole,Syrup,90,9,810,609,Sun Pharma,28-06-2025,Hyderabad,2023,11,584
23-11-2023,Azithromycin,Tablet,62,43,2666,164,Cipla,17-01-2025,Hyderabad,2023,11,421
24-11-2023,Pantoprazole,Tablet,185,22,4070,272,Dr Reddy,30-09-2025,Bangalore,2023,11,676
25-11-2023,Amoxicillin,Syrup,195,25,4875,407,Cipla,14-10-2025,Bangalore,2023,11,689
26-11-2023,Azithromycin,Syrup,56,22,1232,843,Cipla,02-08-2025,Hyderabad,2023,11,615
27-11-2023,Metformin,Tablet,46,25,1150,653,Cipla,06-09-2024,Mumbai,2023,11,284
28-11-2023,Paracetamol,Tablet,173,5,865,229,Cipla,04-06-2024,Pune,2023,11,189
29-11-2023,Azithromycin,Syrup,192,44,8448,888,Dr Reddy,12-12-2024,Mumbai,2023,11,379
30-11-2023,Atorvastatin,Tablet,149,27,4023,955,Dr Reddy,17-07-2025,Bangalore,2023,11,595
01-12-2023,Paracetamol,Tablet,91,41,3731,107,Abbott,15-10-2025,Delhi,2023,12,684
02-12-2023,Paracetamol,Tablet,113,28,3164,582,Cipla,24-10-2024,Hyderabad,2023,12,327
03-12-2023,Azithromycin,Syrup,163,40,6520,750,Dr Reddy,25-06-2025,Delhi,2023,12,570
04-12-2023,Cetrizine,Tablet,55,47,2585,541,Cipla,16-05-2025,Pune,2023,12,529
05-12-2023,Metformin,Tablet,115,36,4140,467,Dr Reddy,27-05-2025,Mumbai,2023,12,539
06-12-2023,Paracetamol,Capsule,198,19,3762,660,Abbott,18-11-2024,Mumbai,2023,12,348
07-12-2023,Azithromycin,Syrup,123,14,1722,248,Abbott,12-06-2025,Hyderabad,2023,12,553
08-12-2023,Pantoprazole,Capsule,164,35,5740,387,Dr Reddy,08-11-2025,Mumbai,2023,12,701
09-12-2023,Azithromycin,Syrup,187,13,2431,764,Sun Pharma,07-10-2024,Pune,2023,12,303
10-12-2023,Paracetamol,Tablet,118,26,3068,513,Abbott,21-03-2025,Delhi,2023,12,467
11-12-2023,Metformin,Capsule,117,25,2925,221,Dr Reddy,16-07-2024,Mumbai,2023,12,218
12-12-2023,Cetrizine,Tablet,179,22,3938,248,Sun Pharma,06-04-2025,Bangalore,2023,12,481
13-12-2023,Amoxicillin,Tablet,90,26,2340,334,Sun Pharma,18-09-2025,Pune,2023,12,645
14-12-2023,Pantoprazole,Syrup,184,31,5704,661,Dr Reddy,22-07-2025,Bangalore,2023,12,586
15-12-2023,Pantoprazole,Tablet,26,47,1222,520,Cipla,08-11-2025,Delhi,2023,12,694
16-12-2023,Atorvastatin,Syrup,161,34,5474,906,Cipla,18-10-2024,Hyderabad,2023,12,307
17-12-2023,Atorvastatin,Tablet,140,46,6440,285,Abbott,01-03-2025,Delhi,2023,12,440
18-12-2023,Paracetamol,Capsule,136,44,5984,582,Sun Pharma,18-10-2025,Mumbai,2023,12,670
19-12-2023,Azithromycin,Syrup,153,43,6579,830,Sun Pharma,05-10-2024,Hyderabad,2023,12,291
20-12-2023,Paracetamol,Capsule,168,26,4368,333,Sun Pharma,28-06-2024,Mumbai,2023,12,191
21-12-2023,Metformin,Tablet,18,38,684,536,Abbott,26-08-2024,Delhi,2023,12,249
22-12-2023,Pantoprazole,Tablet,190,8,1520,722,Abbott,08-07-2024,Pune,2023,12,199
23-12-2023,Metformin,Tablet,158,41,6478,841,Sun Pharma,29-07-2025,Pune,2023,12,584
24-12-2023,Metformin,Tablet,178,8,1424,287,Cipla,10-07-2024,Mumbai,2023,12,199
25-12-2023,Atorvastatin,Capsule,75,8,600,320,Dr Reddy,23-05-2025,Pune,2023,12,515
26-12-2023,Atorvastatin,Capsule,136,28,3808,261,Sun Pharma,28-11-2024,Bangalore,2023,12,338
27-12-2023,Cetrizine,Tablet,151,23,3473,505,Abbott,03-05-2025,Hyderabad,2023,12,493
28-12-2023,Atorvastatin,Tablet,104,23,2392,531,Abbott,09-06-2025,Mumbai,2023,12,529
29-12-2023,Atorvastatin,Syrup,150,32,4800,862,Dr Reddy,21-10-2024,Hyderabad,2023,12,297
30-12-2023,Paracetamol,Syrup,149,10,1490,359,Dr Reddy,30-07-2025,Bangalore,2023,12,578
31-12-2023,Amoxicillin,Tablet,107,13,1391,701,Cipla,09-11-2025,Hyderabad,2023,12,679
01-01-2024,Azithromycin,Tablet,54,7,378,718,Sun Pharma,09-03-2025,Hyderabad,2024,1,433
02-01-2024,Metformin,Tablet,85,49,4165,662,Dr Reddy,29-08-2025,Delhi,2024,1,605
03-01-2024,Metformin,Tablet,158,9,1422,448,Abbott,18-08-2024,Hyderabad,2024,1,228
04-01-2024,Azithromycin,Capsule,196,9,1764,455,Sun Pharma,18-03-2025,Pune,2024,1,439
05-01-2024,Amoxicillin,Capsule,133,28,3724,412,Cipla,31-12-2024,Bangalore,2024,1,361
06-01-2024,Cetrizine,Tablet,192,35,6720,695,Abbott,15-08-2025,Bangalore,2024,1,587
07-01-2024,Azithromycin,Syrup,162,26,4212,319,Dr Reddy,09-02-2025,Pune,2024,1,399
08-01-2024,Metformin,Capsule,110,29,3190,304,Abbott,18-02-2025,Delhi,2024,1,407
09-01-2024,Cetrizine,Tablet,86,47,4042,540,Abbott,07-12-2025,Pune,2024,1,698
10-01-2024,Amoxicillin,Syrup,152,28,4256,754,Cipla,06-09-2025,Pune,2024,1,605
11-01-2024,Cetrizine,Tablet,124,18,2232,412,Sun Pharma,29-07-2024,Pune,2024,1,200
12-01-2024,Pantoprazole,Tablet,135,27,3645,829,Abbott,10-05-2025,Delhi,2024,1,484
13-01-2024,Amoxicillin,Tablet,93,25,2325,483,Cipla,08-09-2025,Mumbai,2024,1,604
14-01-2024,Azithromycin,Capsule,121,8,968,994,Cipla,03-06-2025,Mumbai,2024,1,506
15-01-2024,Paracetamol,Capsule,156,38,5928,127,Dr Reddy,08-09-2025,Mumbai,2024,1,602
16-01-2024,Paracetamol,Capsule,102,10,1020,593,Sun Pharma,12-12-2025,Pune,2024,1,696
17-01-2024,Metformin,Capsule,116,6,696,941,Abbott,22-09-2025,Hyderabad,2024,1,614
18-01-2024,Atorvastatin,Syrup,90,16,1440,443,Abbott,05-05-2025,Bangalore,2024,1,473
19-01-2024,Amoxicillin,Syrup,142,39,5538,803,Dr Reddy,17-08-2024,Hyderabad,2024,1,211
20-01-2024,Cetrizine,Capsule,158,8,1264,977,Dr Reddy,28-07-2025,Hyderabad,2024,1,555
21-01-2024,Atorvastatin,Syrup,120,32,3840,881,Cipla,14-09-2024,Bangalore,2024,1,237
22-01-2024,Azithromycin,Capsule,117,6,702,859,Dr Reddy,01-09-2024,Mumbai,2024,1,223
23-01-2024,Azithromycin,Syrup,10,43,430,535,Cipla,03-08-2025,Pune,2024,1,558
24-01-2024,Amoxicillin,Syrup,151,9,1359,406,Abbott,15-04-2025,Pune,2024,1,447
25-01-2024,Cetrizine,Tablet,45,40,1800,584,Abbott,17-03-2025,Pune,2024,1,417
26-01-2024,Azithromycin,Capsule,64,24,1536,553,Dr Reddy,14-08-2025,Hyderabad,2024,1,566
27-01-2024,Amoxicillin,Capsule,31,47,1457,139,Cipla,01-03-2025,Mumbai,2024,1,399
28-01-2024,Atorvastatin,Syrup,12,41,492,991,Cipla,11-04-2025,Delhi,2024,1,439
29-01-2024,Paracetamol,Syrup,16,15,240,913,Abbott,02-12-2024,Hyderabad,2024,1,308
30-01-2024,Atorvastatin,Capsule,25,34,850,368,Abbott,06-11-2024,Pune,2024,1,281
31-01-2024,Atorvastatin,Tablet,63,31,1953,936,Dr Reddy,16-07-2025,Bangalore,2024,1,532
01-02-2024,Paracetamol,Capsule,152,38,5776,765,Sun Pharma,13-03-2025,Hyderabad,2024,2,406
02-02-2024,Cetrizine,Capsule,13,42,546,533,Dr Reddy,11-08-2025,Delhi,2024,2,556
03-02-2024,Azithromycin,Tablet,179,48,8592,975,Cipla,14-03-2025,Delhi,2024,2,405
04-02-2024,Cetrizine,Capsule,34,30,1020,376,Sun Pharma,22-09-2025,Hyderabad,2024,2,596
05-02-2024,Amoxicillin,Syrup,184,38,6992,140,Dr Reddy,06-07-2025,Pune,2024,2,517
06-02-2024,Amoxicillin,Capsule,189,27,5103,275,Cipla,19-05-2025,Bangalore,2024,2,468
07-02-2024,Pantoprazole,Syrup,20,38,760,165,Abbott,09-04-2025,Bangalore,2024,2,427
08-02-2024,Atorvastatin,Tablet,171,10,1710,300,Abbott,12-02-2025,Delhi,2024,2,370
09-02-2024,Cetrizine,Capsule,190,29,5510,914,Dr Reddy,13-02-2025,Hyderabad,2024,2,370
10-02-2024,Amoxicillin,Tablet,61,18,1098,559,Dr Reddy,04-09-2025,Delhi,2024,2,572
11-02-2024,Cetrizine,Syrup,81,19,1539,309,Cipla,16-04-2025,Delhi,2024,2,430
12-02-2024,Atorvastatin,Capsule,191,31,5921,453,Sun Pharma,29-12-2024,Bangalore,2024,2,321
13-02-2024,Pantoprazole,Capsule,76,39,2964,758,Dr Reddy,30-12-2025,Bangalore,2024,2,686
14-02-2024,Paracetamol,Capsule,29,44,1276,955,Sun Pharma,02-11-2024,Delhi,2024,2,262
15-02-2024,Amoxicillin,Tablet,174,23,4002,812,Dr Reddy,14-10-2024,Mumbai,2024,2,242
16-02-2024,Amoxicillin,Capsule,128,23,2944,497,Cipla,21-11-2025,Mumbai,2024,2,644
17-02-2024,Paracetamol,Syrup,124,29,3596,753,Cipla,14-07-2025,Mumbai,2024,2,513
18-02-2024,Cetrizine,Capsule,72,32,2304,875,Cipla,20-12-2024,Hyderabad,2024,2,306
19-02-2024,Metformin,Syrup,117,34,3978,367,Dr Reddy,23-12-2025,Pune,2024,2,673
20-02-2024,Pantoprazole,Tablet,153,9,1377,403,Dr Reddy,06-03-2025,Hyderabad,2024,2,380
21-02-2024,Paracetamol,Tablet,72,39,2808,581,Abbott,15-06-2025,Bangalore,2024,2,480
22-02-2024,Metformin,Syrup,80,19,1520,972,Sun Pharma,29-09-2025,Hyderabad,2024,2,585
23-02-2024,Amoxicillin,Tablet,42,24,1008,604,Dr Reddy,30-12-2024,Bangalore,2024,2,311
24-02-2024,Cetrizine,Tablet,8,26,208,175,Dr Reddy,26-12-2025,Pune,2024,2,671
25-02-2024,Azithromycin,Syrup,95,45,4275,868,Sun Pharma,11-05-2025,Mumbai,2024,2,441
26-02-2024,Azithromycin,Capsule,149,16,2384,361,Dr Reddy,03-12-2025,Bangalore,2024,2,646
27-02-2024,Azithromycin,Tablet,197,33,6501,720,Dr Reddy,22-10-2025,Delhi,2024,2,603
28-02-2024,Pantoprazole,Capsule,88,17,1496,800,Cipla,23-06-2025,Mumbai,2024,2,481
29-02-2024,Metformin,Tablet,140,47,6580,503,Sun Pharma,02-08-2025,Hyderabad,2024,2,520
01-03-2024,Paracetamol,Capsule,196,46,9016,462,Sun Pharma,17-04-2025,Mumbai,2024,3,412
02-03-2024,Pantoprazole,Tablet,53,45,2385,628,Dr Reddy,27-02-2025,Mumbai,2024,3,362
03-03-2024,Atorvastatin,Syrup,145,15,2175,593,Dr Reddy,28-07-2025,Hyderabad,2024,3,512
04-03-2024,Paracetamol,Tablet,172,48,8256,118,Cipla,17-12-2024,Bangalore,2024,3,288
05-03-2024,Pantoprazole,Syrup,165,49,8085,701,Abbott,08-05-2025,Hyderabad,2024,3,429
06-03-2024,Paracetamol,Tablet,95,27,2565,769,Dr Reddy,22-07-2025,Mumbai,2024,3,503
07-03-2024,Atorvastatin,Syrup,168,22,3696,584,Dr Reddy,19-10-2025,Bangalore,2024,3,591
08-03-2024,Paracetamol,Syrup,80,19,1520,140,Sun Pharma,17-12-2024,Pune,2024,3,284
09-03-2024,Azithromycin,Capsule,55,15,825,365,Sun Pharma,31-12-2024,Mumbai,2024,3,297
10-03-2024,Paracetamol,Capsule,43,32,1376,870,Dr Reddy,01-02-2026,Hyderabad,2024,3,693
11-03-2024,Metformin,Capsule,135,20,2700,449,Cipla,01-06-2025,Delhi,2024,3,447
12-03-2024,Amoxicillin,Tablet,69,49,3381,456,Sun Pharma,26-10-2024,Mumbai,2024,3,228
13-03-2024,Atorvastatin,Tablet,156,42,6552,895,Sun Pharma,24-12-2024,Pune,2024,3,286
14-03-2024,Cetrizine,Tablet,103,49,5047,474,Cipla,09-10-2024,Bangalore,2024,3,209
15-03-2024,Cetrizine,Syrup,102,36,3672,550,Abbott,01-03-2025,Mumbai,2024,3,351
16-03-2024,Atorvastatin,Capsule,27,44,1188,174,Dr Reddy,07-01-2025,Bangalore,2024,3,297
17-03-2024,Cetrizine,Capsule,165,28,4620,778,Abbott,19-09-2024,Bangalore,2024,3,186
18-03-2024,Pantoprazole,Syrup,60,5,300,292,Abbott,03-04-2025,Bangalore,2024,3,381
19-03-2024,Azithromycin,Syrup,167,47,7849,578,Sun Pharma,14-10-2025,Mumbai,2024,3,574
20-03-2024,Paracetamol,Capsule,42,9,378,491,Abbott,29-11-2025,Bangalore,2024,3,619
21-03-2024,Metformin,Tablet,69,35,2415,487,Cipla,24-11-2025,Hyderabad,2024,3,613
22-03-2024,Metformin,Syrup,124,28,3472,542,Dr Reddy,19-02-2025,Delhi,2024,3,334
23-03-2024,Amoxicillin,Tablet,55,10,550,926,Dr Reddy,21-05-2025,Pune,2024,3,424
24-03-2024,Pantoprazole,Tablet,126,41,5166,269,Dr Reddy,15-12-2024,Bangalore,2024,3,266
25-03-2024,Azithromycin,Syrup,117,33,3861,176,Dr Reddy,02-02-2026,Mumbai,2024,3,679
26-03-2024,Pantoprazole,Tablet,26,8,208,168,Cipla,23-07-2025,Hyderabad,2024,3,484
27-03-2024,Azithromycin,Syrup,113,26,2938,920,Dr Reddy,11-09-2025,Hyderabad,2024,3,533
28-03-2024,Amoxicillin,Syrup,89,48,4272,632,Dr Reddy,04-02-2026,Mumbai,2024,3,678
29-03-2024,Cetrizine,Syrup,195,28,5460,736,Cipla,13-01-2025,Pune,2024,3,290
30-03-2024,Amoxicillin,Capsule,183,21,3843,198,Abbott,27-04-2025,Mumbai,2024,3,393
31-03-2024,Azithromycin,Tablet,23,41,943,952,Cipla,09-03-2025,Delhi,2024,3,343
01-04-2024,Atorvastatin,Capsule,68,31,2108,216,Dr Reddy,14-02-2025,Hyderabad,2024,4,319
02-04-2024,Metformin,Tablet,143,43,6149,575,Cipla,31-03-2025,Bangalore,2024,4,363
03-04-2024,Paracetamol,Tablet,50,16,800,681,Dr Reddy,23-02-2025,Pune,2024,4,326
04-04-2024,Cetrizine,Syrup,56,36,2016,681,Dr Reddy,16-05-2025,Delhi,2024,4,407
05-04-2024,Paracetamol,Syrup,194,28,5432,506,Dr Reddy,12-02-2026,Pune,2024,4,678
06-04-2024,Paracetamol,Capsule,183,18,3294,830,Abbott,02-10-2025,Delhi,2024,4,544
07-04-2024,Atorvastatin,Tablet,77,12,924,215,Cipla,05-09-2025,Mumbai,2024,4,516
08-04-2024,Paracetamol,Syrup,100,12,1200,246,Sun Pharma,23-08-2025,Delhi,2024,4,502
09-04-2024,Pantoprazole,Capsule,17,35,595,819,Abbott,27-10-2024,Hyderabad,2024,4,201
10-04-2024,Metformin,Capsule,175,7,1225,665,Sun Pharma,22-08-2025,Hyderabad,2024,4,499
11-04-2024,Cetrizine,Syrup,198,45,8910,763,Abbott,20-07-2025,Mumbai,2024,4,465
12-04-2024,Metformin,Capsule,51,39,1989,118,Abbott,29-01-2025,Delhi,2024,4,292
13-04-2024,Paracetamol,Tablet,40,29,1160,648,Dr Reddy,27-02-2025,Hyderabad,2024,4,320
14-04-2024,Cetrizine,Tablet,132,13,1716,226,Abbott,22-04-2025,Mumbai,2024,4,373
15-04-2024,Azithromycin,Capsule,178,18,3204,483,Dr Reddy,04-10-2025,Delhi,2024,4,537
16-04-2024,Amoxicillin,Tablet,76,7,532,287,Cipla,29-07-2025,Hyderabad,2024,4,469
17-04-2024,Pantoprazole,Capsule,87,42,3654,627,Abbott,23-10-2025,Pune,2024,4,554
18-04-2024,Azithromycin,Capsule,128,20,2560,457,Sun Pharma,31-01-2026,Hyderabad,2024,4,653
19-04-2024,Atorvastatin,Syrup,163,38,6194,394,Abbott,18-05-2025,Delhi,2024,4,394
20-04-2024,Metformin,Tablet,57,43,2451,420,Cipla,27-12-2025,Hyderabad,2024,4,616
21-04-2024,Pantoprazole,Tablet,151,23,3473,412,Sun Pharma,17-11-2024,Mumbai,2024,4,210
22-04-2024,Atorvastatin,Capsule,27,36,972,545,Sun Pharma,14-02-2026,Bangalore,2024,4,663
23-04-2024,Cetrizine,Capsule,164,18,2952,277,Abbott,11-12-2024,Bangalore,2024,4,232
24-04-2024,Pantoprazole,Capsule,63,27,1701,875,Abbott,06-08-2025,Pune,2024,4,469
25-04-2024,Azithromycin,Tablet,131,15,1965,972,Dr Reddy,05-01-2026,Mumbai,2024,4,620
26-04-2024,Azithromycin,Capsule,97,30,2910,885,Sun Pharma,19-05-2025,Pune,2024,4,388
27-04-2024,Paracetamol,Tablet,138,9,1242,988,Abbott,09-03-2025,Delhi,2024,4,316
28-04-2024,Azithromycin,Capsule,176,8,1408,711,Dr Reddy,14-03-2025,Delhi,2024,4,320
29-04-2024,Paracetamol,Tablet,116,16,1856,790,Cipla,08-02-2026,Pune,2024,4,650
30-04-2024,Pantoprazole,Syrup,165,31,5115,828,Sun Pharma,19-04-2025,Hyderabad,2024,4,354
01-05-2024,Pantoprazole,Syrup,17,41,697,635,Cipla,22-01-2026,Mumbai,2024,5,631
02-05-2024,Metformin,Tablet,25,24,600,822,Sun Pharma,06-02-2025,Bangalore,2024,5,280
03-05-2024,Paracetamol,Capsule,103,22,2266,867,Dr Reddy,22-06-2025,Mumbai,2024,5,415
04-05-2024,Cetrizine,Tablet,17,22,374,840,Abbott,30-11-2024,Pune,2024,5,210
05-05-2024,Paracetamol,Capsule,77,42,3234,558,Abbott,08-02-2025,Hyderabad,2024,5,279
06-05-2024,Atorvastatin,Tablet,177,49,8673,261,Abbott,22-07-2025,Bangalore,2024,5,442
07-05-2024,Azithromycin,Tablet,7,32,224,425,Abbott,05-03-2026,Mumbai,2024,5,667
08-05-2024,Cetrizine,Tablet,25,47,1175,326,Cipla,22-12-2024,Pune,2024,5,228
09-05-2024,Pantoprazole,Tablet,48,14,672,657,Cipla,14-02-2025,Pune,2024,5,281
10-05-2024,Metformin,Capsule,85,40,3400,497,Dr Reddy,27-11-2025,Mumbai,2024,5,566
11-05-2024,Cetrizine,Syrup,186,28,5208,640,Cipla,19-11-2025,Bangalore,2024,5,557
12-05-2024,Azithromycin,Syrup,69,24,1656,218,Cipla,19-02-2025,Bangalore,2024,5,283
13-05-2024,Azithromycin,Syrup,31,46,1426,798,Sun Pharma,03-01-2026,Hyderabad,2024,5,600
14-05-2024,Paracetamol,Tablet,37,11,407,855,Sun Pharma,21-11-2024,Delhi,2024,5,191
15-05-2024,Pantoprazole,Syrup,139,40,5560,722,Cipla,19-04-2025,Delhi,2024,5,339
16-05-2024,Paracetamol,Syrup,49,26,1274,158,Cipla,15-03-2026,Hyderabad,2024,5,668
17-05-2024,Azithromycin,Syrup,160,17,2720,178,Abbott,18-06-2025,Bangalore,2024,5,397
18-05-2024,Azithromycin,Tablet,108,13,1404,730,Abbott,21-01-2026,Delhi,2024,5,613
19-05-2024,Atorvastatin,Tablet,36,32,1152,377,Cipla,12-02-2025,Bangalore,2024,5,269
20-05-2024,Atorvastatin,Capsule,110,30,3300,124,Dr Reddy,12-09-2025,Delhi,2024,5,480
21-05-2024,Amoxicillin,Syrup,185,12,2220,459,Dr Reddy,02-01-2026,Delhi,2024,5,591
22-05-2024,Amoxicillin,Capsule,69,42,2898,315,Abbott,25-04-2025,Mumbai,2024,5,338
23-05-2024,Metformin,Tablet,30,9,270,695,Dr Reddy,24-07-2025,Mumbai,2024,5,427
24-05-2024,Azithromycin,Syrup,170,31,5270,837,Abbott,21-03-2025,Hyderabad,2024,5,301
25-05-2024,Metformin,Capsule,138,42,5796,673,Sun Pharma,18-06-2025,Pune,2024,5,389
26-05-2024,Metformin,Syrup,145,35,5075,833,Sun Pharma,23-04-2026,Hyderabad,2024,5,697
27-05-2024,Cetrizine,Syrup,112,37,4144,820,Cipla,11-01-2025,Delhi,2024,5,229
28-05-2024,Atorvastatin,Tablet,160,48,7680,681,Abbott,02-08-2025,Delhi,2024,5,431
29-05-2024,Azithromycin,Tablet,194,16,3104,238,Cipla,25-08-2025,Delhi,2024,5,453
30-05-2024,Atorvastatin,Capsule,59,42,2478,985,Sun Pharma,20-12-2025,Bangalore,2024,5,569
31-05-2024,Cetrizine,Tablet,119,33,3927,670,Sun Pharma,26-08-2025,Delhi,2024,5,452
01-06-2024,Amoxicillin,Tablet,84,6,504,346,Sun Pharma,05-12-2024,Bangalore,2024,6,187
02-06-2024,Atorvastatin,Syrup,98,5,490,526,Cipla,03-06-2025,Bangalore,2024,6,366
03-06-2024,Azithromycin,Tablet,90,33,2970,185,Cipla,11-02-2025,Bangalore,2024,6,253
04-06-2024,Pantoprazole,Syrup,160,46,7360,354,Cipla,19-05-2025,Bangalore,2024,6,349
05-06-2024,Azithromycin,Capsule,59,12,708,702,Cipla,05-05-2025,Mumbai,2024,6,334
06-06-2024,Pantoprazole,Tablet,199,48,9552,752,Sun Pharma,24-08-2025,Delhi,2024,6,444
07-06-2024,Azithromycin,Tablet,133,36,4788,700,Dr Reddy,11-01-2026,Hyderabad,2024,6,583
08-06-2024,Metformin,Syrup,167,39,6513,724,Dr Reddy,21-12-2024,Pune,2024,6,196
09-06-2024,Pantoprazole,Syrup,120,33,3960,792,Sun Pharma,25-10-2025,Mumbai,2024,6,503
10-06-2024,Azithromycin,Syrup,5,30,150,976,Sun Pharma,17-10-2025,Delhi,2024,6,494
11-06-2024,Paracetamol,Tablet,109,9,981,989,Cipla,11-09-2025,Pune,2024,6,457
12-06-2024,Pantoprazole,Tablet,173,33,5709,679,Abbott,17-03-2025,Bangalore,2024,6,278
13-06-2024,Azithromycin,Syrup,119,23,2737,208,Dr Reddy,01-11-2025,Pune,2024,6,506
14-06-2024,Pantoprazole,Syrup,153,18,2754,231,Sun Pharma,04-03-2025,Pune,2024,6,263
15-06-2024,Cetrizine,Syrup,113,33,3729,652,Abbott,19-04-2026,Mumbai,2024,6,673
16-06-2024,Amoxicillin,Tablet,72,19,1368,520,Dr Reddy,14-12-2025,Delhi,2024,6,546
17-06-2024,Atorvastatin,Capsule,193,40,7720,635,Abbott,29-09-2025,Mumbai,2024,6,469
18-06-2024,Paracetamol,Tablet,185,27,4995,976,Dr Reddy,25-08-2025,Hyderabad,2024,6,433
19-06-2024,Metformin,Tablet,173,10,1730,456,Sun Pharma,10-01-2026,Hyderabad,2024,6,570
20-06-2024,Pantoprazole,Capsule,7,26,182,914,Dr Reddy,11-05-2026,Bangalore,2024,6,690
21-06-2024,Atorvastatin,Capsule,173,9,1557,442,Sun Pharma,07-06-2026,Delhi,2024,6,716
22-06-2024,Amoxicillin,Capsule,189,40,7560,650,Cipla,24-10-2025,Hyderabad,2024,6,489
23-06-2024,Paracetamol,Syrup,20,35,700,301,Sun Pharma,30-08-2025,Mumbai,2024,6,433
24-06-2024,Paracetamol,Capsule,143,36,5148,109,Cipla,01-03-2026,Mumbai,2024,6,615
25-06-2024,Amoxicillin,Tablet,153,41,6273,201,Cipla,30-06-2025,Mumbai,2024,6,370
26-06-2024,Amoxicillin,Syrup,40,21,840,588,Abbott,04-07-2025,Delhi,2024,6,373
27-06-2024,Metformin,Syrup,5,27,135,477,Cipla,01-11-2025,Mumbai,2024,6,492
28-06-2024,Azithromycin,Tablet,173,33,5709,172,Sun Pharma,12-09-2025,Bangalore,2024,6,441
29-06-2024,Cetrizine,Tablet,7,21,147,674,Abbott,18-06-2025,Hyderabad,2024,6,354
30-06-2024,Atorvastatin,Syrup,196,5,980,948,Sun Pharma,05-04-2025,Bangalore,2024,6,279
01-07-2024,Azithromycin,Syrup,117,23,2691,142,Abbott,15-03-2025,Pune,2024,7,257
02-07-2024,Paracetamol,Syrup,18,38,684,800,Abbott,08-11-2025,Hyderabad,2024,7,494
03-07-2024,Amoxicillin,Syrup,138,37,5106,267,Cipla,10-07-2025,Hyderabad,2024,7,372
04-07-2024,Amoxicillin,Capsule,84,10,840,624,Dr Reddy,02-04-2026,Mumbai,2024,7,637
05-07-2024,Cetrizine,Syrup,99,8,792,527,Sun Pharma,11-01-2026,Delhi,2024,7,555
06-07-2024,Paracetamol,Syrup,76,11,836,305,Dr Reddy,29-06-2025,Pune,2024,7,358
07-07-2024,Cetrizine,Capsule,76,37,2812,212,Cipla,29-11-2025,Hyderabad,2024,7,510
08-07-2024,Amoxicillin,Tablet,144,21,3024,196,Cipla,13-03-2025,Delhi,2024,7,248
09-07-2024,Paracetamol,Capsule,66,45,2970,118,Cipla,30-03-2026,Bangalore,2024,7,629
10-07-2024,Paracetamol,Syrup,145,24,3480,793,Dr Reddy,08-08-2025,Delhi,2024,7,394
11-07-2024,Metformin,Capsule,152,33,5016,891,Dr Reddy,02-01-2026,Mumbai,2024,7,540
12-07-2024,Azithromycin,Tablet,66,33,2178,301,Sun Pharma,09-06-2026,Pune,2024,7,697
13-07-2024,Pantoprazole,Capsule,160,45,7200,181,Abbott,09-03-2026,Mumbai,2024,7,604
14-07-2024,Amoxicillin,Syrup,181,16,2896,682,Dr Reddy,17-04-2025,Mumbai,2024,7,277
15-07-2024,Amoxicillin,Capsule,6,28,168,685,Sun Pharma,13-06-2025,Delhi,2024,7,333
16-07-2024,Atorvastatin,Syrup,43,31,1333,768,Sun Pharma,31-01-2025,Delhi,2024,7,199
17-07-2024,Paracetamol,Syrup,186,24,4464,207,Abbott,10-05-2026,Pune,2024,7,662
18-07-2024,Metformin,Capsule,57,38,2166,934,Dr Reddy,23-10-2025,Pune,2024,7,462
19-07-2024,Paracetamol,Syrup,100,10,1000,844,Abbott,14-03-2025,Bangalore,2024,7,238
20-07-2024,Azithromycin,Syrup,161,8,1288,164,Sun Pharma,08-10-2025,Hyderabad,2024,7,445
21-07-2024,Atorvastatin,Tablet,63,26,1638,659,Dr Reddy,21-09-2025,Bangalore,2024,7,427
22-07-2024,Azithromycin,Tablet,162,29,4698,383,Cipla,14-11-2025,Bangalore,2024,7,480
23-07-2024,Atorvastatin,Syrup,53,13,689,263,Cipla,14-03-2026,Mumbai,2024,7,599
24-07-2024,Pantoprazole,Capsule,50,46,2300,899,Abbott,04-07-2025,Mumbai,2024,7,345
25-07-2024,Azithromycin,Capsule,118,31,3658,153,Dr Reddy,11-06-2026,Hyderabad,2024,7,686
26-07-2024,Atorvastatin,Syrup,157,32,5024,466,Abbott,04-02-2026,Mumbai,2024,7,558
27-07-2024,Amoxicillin,Tablet,158,23,3634,347,Dr Reddy,03-02-2026,Mumbai,2024,7,556
28-07-2024,Azithromycin,Syrup,182,24,4368,592,Cipla,23-06-2025,Bangalore,2024,7,330
29-07-2024,Atorvastatin,Tablet,67,37,2479,465,Dr Reddy,16-11-2025,Delhi,2024,7,475
30-07-2024,Pantoprazole,Capsule,182,7,1274,929,Cipla,22-12-2025,Pune,2024,7,510
31-07-2024,Metformin,Capsule,52,14,728,437,Dr Reddy,28-10-2025,Bangalore,2024,7,454
01-08-2024,Amoxicillin,Capsule,67,17,1139,603,Dr Reddy,05-06-2026,Pune,2024,8,673
02-08-2024,Paracetamol,Tablet,77,10,770,718,Dr Reddy,01-02-2026,Bangalore,2024,8,548
03-08-2024,Cetrizine,Capsule,101,41,4141,748,Abbott,04-08-2025,Hyderabad,2024,8,366
04-08-2024,Azithromycin,Capsule,193,47,9071,222,Sun Pharma,26-03-2026,Pune,2024,8,599
05-08-2024,Cetrizine,Capsule,111,41,4551,434,Sun Pharma,04-04-2025,Delhi,2024,8,242
06-08-2024,Azithromycin,Capsule,189,17,3213,871,Abbott,16-06-2025,Hyderabad,2024,8,314
07-08-2024,Amoxicillin,Syrup,58,28,1624,935,Cipla,05-02-2025,Pune,2024,8,182
08-08-2024,Paracetamol,Tablet,133,42,5586,137,Abbott,24-02-2025,Pune,2024,8,200
09-08-2024,Atorvastatin,Syrup,199,49,9751,402,Dr Reddy,14-04-2025,Mumbai,2024,8,248
10-08-2024,Cetrizine,Capsule,144,31,4464,411,Dr Reddy,09-11-2025,Hyderabad,2024,8,456
11-08-2024,Atorvastatin,Tablet,126,28,3528,252,Dr Reddy,02-03-2026,Bangalore,2024,8,568
12-08-2024,Metformin,Syrup,181,46,8326,413,Abbott,15-05-2025,Mumbai,2024,8,276
13-08-2024,Pantoprazole,Syrup,65,13,845,105,Cipla,19-03-2025,Mumbai,2024,8,218
14-08-2024,Metformin,Tablet,9,46,414,186,Abbott,26-05-2026,Delhi,2024,8,650
15-08-2024,Metformin,Tablet,61,26,1586,556,Dr Reddy,17-02-2026,Hyderabad,2024,8,551
16-08-2024,Paracetamol,Tablet,108,25,2700,549,Sun Pharma,01-03-2025,Mumbai,2024,8,197
17-08-2024,Metformin,Capsule,130,47,6110,515,Dr Reddy,07-06-2025,Bangalore,2024,8,294
18-08-2024,Azithromycin,Syrup,32,15,480,305,Dr Reddy,20-06-2025,Delhi,2024,8,306
19-08-2024,Metformin,Syrup,147,32,4704,763,Cipla,01-07-2025,Mumbai,2024,8,316
20-08-2024,Metformin,Syrup,23,7,161,429,Sun Pharma,10-05-2026,Hyderabad,2024,8,628
21-08-2024,Azithromycin,Tablet,102,17,1734,857,Sun Pharma,20-05-2025,Hyderabad,2024,8,272
22-08-2024,Paracetamol,Capsule,68,33,2244,394,Cipla,29-04-2025,Hyderabad,2024,8,250
23-08-2024,Pantoprazole,Capsule,30,7,210,106,Cipla,01-06-2025,Hyderabad,2024,8,282
24-08-2024,Paracetamol,Tablet,66,21,1386,270,Dr Reddy,13-03-2026,Hyderabad,2024,8,566
25-08-2024,Pantoprazole,Tablet,164,30,4920,479,Sun Pharma,04-05-2025,Mumbai,2024,8,252
26-08-2024,Pantoprazole,Syrup,90,20,1800,524,Abbott,08-09-2025,Hyderabad,2024,8,378
27-08-2024,Amoxicillin,Syrup,151,6,906,528,Dr Reddy,11-07-2025,Hyderabad,2024,8,318
28-08-2024,Metformin,Syrup,34,44,1496,757,Abbott,05-09-2025,Bangalore,2024,8,373
29-08-2024,Atorvastatin,Syrup,189,44,8316,391,Abbott,20-06-2025,Mumbai,2024,8,295
30-08-2024,Paracetamol,Tablet,177,22,3894,933,Cipla,26-01-2026,Bangalore,2024,8,514
31-08-2024,Pantoprazole,Syrup,127,46,5842,832,Dr Reddy,01-03-2025,Delhi,2024,8,182
01-09-2024,Atorvastatin,Syrup,66,8,528,606,Sun Pharma,21-06-2026,Delhi,2024,9,658
02-09-2024,Amoxicillin,Capsule,162,47,7614,997,Abbott,11-02-2026,Bangalore,2024,9,527
03-09-2024,Azithromycin,Tablet,65,19,1235,147,Abbott,15-07-2025,Mumbai,2024,9,315
04-09-2024,Azithromycin,Tablet,62,41,2542,467,Sun Pharma,25-06-2026,Pune,2024,9,659
05-09-2024,Cetrizine,Tablet,103,41,4223,310,Dr Reddy,03-06-2025,Mumbai,2024,9,271
06-09-2024,Atorvastatin,Tablet,138,33,4554,541,Abbott,07-07-2026,Hyderabad,2024,9,669
07-09-2024,Pantoprazole,Capsule,66,46,3036,943,Cipla,29-11-2025,Delhi,2024,9,448
08-09-2024,Metformin,Syrup,20,12,240,715,Cipla,15-04-2025,Hyderabad,2024,9,219
09-09-2024,Amoxicillin,Capsule,134,34,4556,833,Abbott,06-04-2026,Mumbai,2024,9,574
10-09-2024,Azithromycin,Capsule,6,16,96,470,Dr Reddy,20-01-2026,Mumbai,2024,9,497
11-09-2024,Metformin,Syrup,42,7,294,777,Sun Pharma,09-05-2025,Mumbai,2024,9,240
12-09-2024,Metformin,Tablet,177,36,6372,255,Sun Pharma,21-05-2026,Bangalore,2024,9,616
13-09-2024,Atorvastatin,Capsule,123,10,1230,439,Cipla,14-02-2026,Bangalore,2024,9,519
14-09-2024,Paracetamol,Tablet,32,12,384,868,Dr Reddy,28-08-2026,Hyderabad,2024,9,713
15-09-2024,Pantoprazole,Tablet,100,39,3900,690,Abbott,11-07-2025,Pune,2024,9,299
16-09-2024,Metformin,Tablet,60,44,2640,866,Dr Reddy,26-06-2025,Hyderabad,2024,9,283
17-09-2024,Metformin,Syrup,150,6,900,363,Cipla,13-09-2025,Hyderabad,2024,9,361
18-09-2024,Metformin,Syrup,180,31,5580,375,Cipla,15-06-2025,Hyderabad,2024,9,270
19-09-2024,Azithromycin,Syrup,199,49,9751,958,Dr Reddy,21-04-2026,Hyderabad,2024,9,579
20-09-2024,Pantoprazole,Syrup,117,39,4563,558,Cipla,30-07-2026,Delhi,2024,9,678
21-09-2024,Metformin,Capsule,52,39,2028,697,Dr Reddy,24-06-2026,Pune,2024,9,641
22-09-2024,Paracetamol,Syrup,104,36,3744,794,Abbott,10-11-2025,Pune,2024,9,414
23-09-2024,Amoxicillin,Tablet,7,20,140,808,Cipla,06-08-2025,Delhi,2024,9,317
24-09-2024,Paracetamol,Syrup,72,33,2376,482,Dr Reddy,15-06-2026,Pune,2024,9,629
25-09-2024,Pantoprazole,Syrup,175,29,5075,375,Dr Reddy,14-09-2026,Hyderabad,2024,9,719
26-09-2024,Atorvastatin,Tablet,63,9,567,662,Abbott,15-07-2025,Pune,2024,9,292
27-09-2024,Cetrizine,Syrup,170,29,4930,113,Abbott,30-09-2025,Pune,2024,9,368
28-09-2024,Amoxicillin,Syrup,59,22,1298,987,Dr Reddy,28-12-2025,Bangalore,2024,9,456
29-09-2024,Pantoprazole,Syrup,91,45,4095,670,Cipla,25-09-2025,Pune,2024,9,361
30-09-2024,Metformin,Syrup,87,5,435,163,Abbott,07-10-2025,Bangalore,2024,9,372
01-10-2024,Metformin,Capsule,179,21,3759,192,Sun Pharma,06-06-2026,Bangalore,2024,10,613
02-10-2024,Azithromycin,Syrup,116,37,4292,474,Dr Reddy,23-10-2025,Bangalore,2024,10,386
03-10-2024,Metformin,Syrup,24,34,816,265,Abbott,01-10-2025,Pune,2024,10,363
04-10-2024,Metformin,Tablet,17,17,289,933,Cipla,13-06-2026,Pune,2024,10,617
05-10-2024,Amoxicillin,Capsule,112,44,4928,910,Abbott,10-04-2025,Hyderabad,2024,10,187
06-10-2024,Azithromycin,Syrup,162,21,3402,739,Abbott,04-09-2026,Hyderabad,2024,10,698
07-10-2024,Amoxicillin,Syrup,188,31,5828,280,Abbott,16-12-2025,Mumbai,2024,10,435
08-10-2024,Amoxicillin,Capsule,183,24,4392,904,Cipla,14-11-2025,Mumbai,2024,10,402
09-10-2024,Atorvastatin,Syrup,99,34,3366,465,Cipla,30-12-2025,Mumbai,2024,10,447
10-10-2024,Paracetamol,Tablet,68,46,3128,449,Dr Reddy,14-08-2026,Delhi,2024,10,673
11-10-2024,Azithromycin,Capsule,182,11,2002,463,Sun Pharma,09-01-2026,Pune,2024,10,455
12-10-2024,Metformin,Syrup,142,36,5112,663,Cipla,02-07-2025,Delhi,2024,10,263
13-10-2024,Pantoprazole,Syrup,130,44,5720,683,Abbott,29-07-2025,Hyderabad,2024,10,289
14-10-2024,Metformin,Tablet,60,14,840,138,Abbott,24-04-2025,Bangalore,2024,10,192
15-10-2024,Pantoprazole,Syrup,30,26,780,615,Sun Pharma,25-09-2025,Pune,2024,10,345
16-10-2024,Atorvastatin,Capsule,123,15,1845,401,Cipla,22-10-2025,Pune,2024,10,371
17-10-2024,Metformin,Capsule,156,39,6084,211,Dr Reddy,06-09-2025,Mumbai,2024,10,324
18-10-2024,Atorvastatin,Capsule,61,46,2806,280,Cipla,13-07-2025,Pune,2024,10,268
19-10-2024,Amoxicillin,Capsule,172,21,3612,498,Dr Reddy,01-09-2026,Hyderabad,2024,10,682
20-10-2024,Paracetamol,Capsule,36,13,468,139,Dr Reddy,08-07-2025,Hyderabad,2024,10,261
21-10-2024,Paracetamol,Capsule,195,16,3120,527,Dr Reddy,06-07-2026,Mumbai,2024,10,623
22-10-2024,Amoxicillin,Syrup,52,22,1144,538,Abbott,23-10-2025,Mumbai,2024,10,366
23-10-2024,Metformin,Tablet,145,49,7105,948,Cipla,15-05-2026,Delhi,2024,10,569
24-10-2024,Pantoprazole,Syrup,192,30,5760,369,Sun Pharma,31-08-2025,Bangalore,2024,10,311
25-10-2024,Atorvastatin,Syrup,76,29,2204,944,Sun Pharma,30-10-2025,Bangalore,2024,10,370
26-10-2024,Pantoprazole,Tablet,199,32,6368,742,Sun Pharma,03-06-2026,Hyderabad,2024,10,585
27-10-2024,Metformin,Syrup,76,10,760,305,Sun Pharma,16-05-2026,Delhi,2024,10,566
28-10-2024,Cetrizine,Syrup,181,35,6335,448,Cipla,27-02-2026,Mumbai,2024,10,487
29-10-2024,Atorvastatin,Tablet,173,35,6055,865,Sun Pharma,26-08-2026,Bangalore,2024,10,666
30-10-2024,Pantoprazole,Tablet,49,46,2254,725,Abbott,09-09-2026,Hyderabad,2024,10,679
31-10-2024,Paracetamol,Tablet,186,40,7440,580,Dr Reddy,26-01-2026,Pune,2024,10,452
01-11-2024,Azithromycin,Syrup,113,27,3051,785,Sun Pharma,18-08-2025,Delhi,2024,11,290
02-11-2024,Pantoprazole,Tablet,171,41,7011,596,Cipla,27-01-2026,Pune,2024,11,451
03-11-2024,Metformin,Tablet,149,34,5066,970,Abbott,11-09-2026,Hyderabad,2024,11,677
04-11-2024,Metformin,Syrup,98,22,2156,880,Cipla,12-08-2026,Bangalore,2024,11,646
05-11-2024,Atorvastatin,Syrup,184,14,2576,463,Cipla,17-08-2026,Bangalore,2024,11,650
06-11-2024,Metformin,Syrup,165,13,2145,793,Cipla,17-06-2025,Delhi,2024,11,223
07-11-2024,Amoxicillin,Syrup,102,20,2040,364,Abbott,29-08-2026,Hyderabad,2024,11,660
08-11-2024,Metformin,Syrup,189,12,2268,171,Sun Pharma,29-01-2026,Mumbai,2024,11,447
09-11-2024,Amoxicillin,Syrup,46,15,690,714,Dr Reddy,04-02-2026,Mumbai,2024,11,452
10-11-2024,Azithromycin,Capsule,89,44,3916,506,Sun Pharma,13-09-2026,Delhi,2024,11,672
11-11-2024,Metformin,Syrup,181,39,7059,470,Abbott,05-10-2025,Delhi,2024,11,328
12-11-2024,Azithromycin,Syrup,67,44,2948,950,Abbott,07-02-2026,Delhi,2024,11,452
13-11-2024,Metformin,Syrup,32,6,192,649,Cipla,17-05-2026,Bangalore,2024,11,550
14-11-2024,Cetrizine,Capsule,181,47,8507,775,Cipla,16-03-2026,Pune,2024,11,487
15-11-2024,Paracetamol,Capsule,109,40,4360,346,Dr Reddy,15-11-2025,Bangalore,2024,11,365
16-11-2024,Amoxicillin,Capsule,108,32,3456,996,Sun Pharma,04-08-2026,Bangalore,2024,11,626
17-11-2024,Azithromycin,Syrup,136,42,5712,591,Cipla,17-05-2026,Bangalore,2024,11,546
18-11-2024,Atorvastatin,Tablet,123,18,2214,848,Dr Reddy,21-01-2026,Pune,2024,11,429
19-11-2024,Paracetamol,Capsule,30,24,720,459,Dr Reddy,16-10-2025,Hyderabad,2024,11,331
20-11-2024,Amoxicillin,Tablet,190,31,5890,563,Dr Reddy,28-10-2025,Bangalore,2024,11,342
21-11-2024,Paracetamol,Syrup,185,48,8880,381,Sun Pharma,05-05-2026,Pune,2024,11,530
22-11-2024,Cetrizine,Syrup,144,27,3888,231,Abbott,19-11-2025,Mumbai,2024,11,362
23-11-2024,Metformin,Syrup,93,6,558,769,Sun Pharma,17-10-2025,Mumbai,2024,11,328
24-11-2024,Cetrizine,Capsule,181,26,4706,568,Cipla,15-09-2026,Bangalore,2024,11,660
25-11-2024,Metformin,Tablet,147,19,2793,401,Cipla,01-08-2025,Mumbai,2024,11,249
26-11-2024,Amoxicillin,Syrup,116,48,5568,402,Abbott,23-08-2025,Pune,2024,11,270
27-11-2024,Pantoprazole,Syrup,108,27,2916,291,Abbott,22-01-2026,Pune,2024,11,421
28-11-2024,Paracetamol,Syrup,184,12,2208,602,Cipla,04-12-2025,Hyderabad,2024,11,371
29-11-2024,Azithromycin,Syrup,185,41,7585,155,Cipla,10-12-2025,Mumbai,2024,11,376
30-11-2024,Amoxicillin,Syrup,6,5,30,459,Sun Pharma,13-09-2025,Bangalore,2024,11,287
01-12-2024,Atorvastatin,Syrup,94,17,1598,990,Abbott,17-08-2026,Hyderabad,2024,12,624
02-12-2024,Metformin,Syrup,126,34,4284,556,Dr Reddy,07-10-2026,Pune,2024,12,674
03-12-2024,Atorvastatin,Tablet,35,29,1015,687,Dr Reddy,05-03-2026,Hyderabad,2024,12,457
04-12-2024,Atorvastatin,Syrup,133,5,665,860,Sun Pharma,01-08-2026,Hyderabad,2024,12,605
05-12-2024,Atorvastatin,Tablet,26,42,1092,710,Abbott,10-06-2025,Mumbai,2024,12,187
06-12-2024,Paracetamol,Capsule,94,17,1598,756,Cipla,12-10-2026,Hyderabad,2024,12,675
07-12-2024,Metformin,Tablet,167,18,3006,338,Dr Reddy,26-10-2026,Delhi,2024,12,688
08-12-2024,Pantoprazole,Capsule,163,39,6357,159,Cipla,17-07-2026,Mumbai,2024,12,586
09-12-2024,Azithromycin,Capsule,30,9,270,631,Sun Pharma,28-08-2026,Pune,2024,12,627
10-12-2024,Azithromycin,Capsule,136,21,2856,348,Sun Pharma,20-06-2025,Bangalore,2024,12,192
11-12-2024,Atorvastatin,Syrup,147,23,3381,674,Dr Reddy,01-08-2026,Mumbai,2024,12,598
12-12-2024,Amoxicillin,Syrup,151,24,3624,711,Abbott,09-10-2025,Bangalore,2024,12,301
13-12-2024,Pantoprazole,Syrup,129,21,2709,426,Sun Pharma,14-08-2025,Delhi,2024,12,244
14-12-2024,Cetrizine,Capsule,145,10,1450,925,Cipla,17-09-2026,Bangalore,2024,12,642
15-12-2024,Amoxicillin,Capsule,148,8,1184,528,Abbott,04-02-2026,Pune,2024,12,416
16-12-2024,Atorvastatin,Syrup,7,12,84,891,Dr Reddy,19-11-2025,Mumbai,2024,12,338
17-12-2024,Atorvastatin,Syrup,49,6,294,875,Abbott,20-06-2026,Pune,2024,12,550
18-12-2024,Pantoprazole,Capsule,61,20,1220,897,Sun Pharma,29-12-2025,Hyderabad,2024,12,376
19-12-2024,Pantoprazole,Capsule,171,38,6498,270,Cipla,12-09-2026,Pune,2024,12,632
20-12-2024,Pantoprazole,Syrup,112,8,896,192,Sun Pharma,01-04-2026,Pune,2024,12,467
21-12-2024,Azithromycin,Tablet,19,44,836,989,Cipla,06-01-2026,Bangalore,2024,12,381
22-12-2024,Metformin,Syrup,116,7,812,205,Dr Reddy,25-07-2026,Bangalore,2024,12,580
23-12-2024,Atorvastatin,Capsule,85,45,3825,515,Abbott,17-09-2026,Delhi,2024,12,633
24-12-2024,Metformin,Syrup,197,24,4728,249,Dr Reddy,18-11-2026,Mumbai,2024,12,694
25-12-2024,Cetrizine,Tablet,80,27,2160,369,Sun Pharma,13-10-2025,Delhi,2024,12,292
26-12-2024,Paracetamol,Syrup,77,27,2079,813,Cipla,15-12-2025,Hyderabad,2024,12,354
27-12-2024,Atorvastatin,Tablet,120,27,3240,129,Abbott,16-02-2026,Mumbai,2024,12,416
28-12-2024,Azithromycin,Syrup,62,34,2108,474,Cipla,20-07-2025,Delhi,2024,12,204
29-12-2024,Cetrizine,Syrup,52,38,1976,877,Dr Reddy,01-12-2026,Hyderabad,2024,12,702
30-12-2024,Pantoprazole,Tablet,177,11,1947,602,Abbott,12-03-2026,Bangalore,2024,12,437
31-12-2024,Paracetamol,Syrup,46,22,1012,153,Dr Reddy,24-02-2026,Delhi,2024,12,420
